@default,,SexagenaryCycle,ReignTitle,,ReignTitle,Year
Id,名字,干支,正統年號,幾年,非年號,幾年
int,string,int,int64,int,int64[],int[]
id,name,sexagenaryCycle,reignTitle,year,unorthodoxReignTitle,unorthodoxYear
-841,,57
-840,,58
-839,,59
-838,,60
-837,,1
-836,,2
-835,,3
-834,,4
-833,,5
-832,,6
-831,,7
-830,,8
-829,,9
-828,,10
-827,,11
-826,,12
-825,,13
-824,,14
-823,,15
-822,,16
-821,,17
-820,,18
-819,,19
-818,,20
-817,,21
-816,,22
-815,,23
-814,,24
-813,,25
-812,,26
-811,,27
-810,,28
-809,,29
-808,,30
-807,,31
-806,,32
-805,,33
-804,,34
-803,,35
-802,,36
-801,,37
-800,,38
-799,,39
-798,,40
-797,,41
-796,,42
-795,,43
-794,,44
-793,,45
-792,,46
-791,,47
-790,,48
-789,,49
-788,,50
-787,,51
-786,,52
-785,,53
-784,,54
-783,,55
-782,,56
-781,,57
-780,,58
-779,,59
-778,,60
-777,,1
-776,,2
-775,,3
-774,,4
-773,,5
-772,,6
-771,,7
-770,,8
-769,,9
-768,,10
-767,,11
-766,,12
-765,,13
-764,,14
-763,,15
-762,,16
-761,,17
-760,,18
-759,,19
-758,,20
-757,,21
-756,,22
-755,,23
-754,,24
-753,,25
-752,,26
-751,,27
-750,,28
-749,,29
-748,,30
-747,,31
-746,,32
-745,,33
-744,,34
-743,,35
-742,,36
-741,,37
-740,,38
-739,,39
-738,,40
-737,,41
-736,,42
-735,,43
-734,,44
-733,,45
-732,,46
-731,,47
-730,,48
-729,,49
-728,,50
-727,,51
-726,,52
-725,,53
-724,,54
-723,,55
-722,,56
-721,,57
-720,,58
-719,,59
-718,,60
-717,,1
-716,,2
-715,,3
-714,,4
-713,,5
-712,,6
-711,,7
-710,,8
-709,,9
-708,,10
-707,,11
-706,,12
-705,,13
-704,,14
-703,,15
-702,,16
-701,,17
-700,,18
-699,,19
-698,,20
-697,,21
-696,,22
-695,,23
-694,,24
-693,,25
-692,,26
-691,,27
-690,,28
-689,,29
-688,,30
-687,,31
-686,,32
-685,,33
-684,,34
-683,,35
-682,,36
-681,,37
-680,,38
-679,,39
-678,,40
-677,,41
-676,,42
-675,,43
-674,,44
-673,,45
-672,,46
-671,,47
-670,,48
-669,,49
-668,,50
-667,,51
-666,,52
-665,,53
-664,,54
-663,,55
-662,,56
-661,,57
-660,,58
-659,,59
-658,,60
-657,,1
-656,,2
-655,,3
-654,,4
-653,,5
-652,,6
-651,,7
-650,,8
-649,,9
-648,,10
-647,,11
-646,,12
-645,,13
-644,,14
-643,,15
-642,,16
-641,,17
-640,,18
-639,,19
-638,,20
-637,,21
-636,,22
-635,,23
-634,,24
-633,,25
-632,,26
-631,,27
-630,,28
-629,,29
-628,,30
-627,,31
-626,,32
-625,,33
-624,,34
-623,,35
-622,,36
-621,,37
-620,,38
-619,,39
-618,,40
-617,,41
-616,,42
-615,,43
-614,,44
-613,,45
-612,,46
-611,,47
-610,,48
-609,,49
-608,,50
-607,,51
-606,,52
-605,,53
-604,,54
-603,,55
-602,,56
-601,,57
-600,,58
-599,,59
-598,,60
-597,,1
-596,,2
-595,,3
-594,,4
-593,,5
-592,,6
-591,,7
-590,,8
-589,,9
-588,,10
-587,,11
-586,,12
-585,,13
-584,,14
-583,,15
-582,,16
-581,,17
-580,,18
-579,,19
-578,,20
-577,,21
-576,,22
-575,,23
-574,,24
-573,,25
-572,,26
-571,,27
-570,,28
-569,,29
-568,,30
-567,,31
-566,,32
-565,,33
-564,,34
-563,,35
-562,,36
-561,,37
-560,,38
-559,,39
-558,,40
-557,,41
-556,,42
-555,,43
-554,,44
-553,,45
-552,,46
-551,,47
-550,,48
-549,,49
-548,,50
-547,,51
-546,,52
-545,,53
-544,,54
-543,,55
-542,,56
-541,,57
-540,,58
-539,,59
-538,,60
-537,,1
-536,,2
-535,,3
-534,,4
-533,,5
-532,,6
-531,,7
-530,,8
-529,,9
-528,,10
-527,,11
-526,,12
-525,,13
-524,,14
-523,,15
-522,,16
-521,,17
-520,,18
-519,,19
-518,,20
-517,,21
-516,,22
-515,,23
-514,,24
-513,,25
-512,,26
-511,,27
-510,,28
-509,,29
-508,,30
-507,,31
-506,,32
-505,,33
-504,,34
-503,,35
-502,,36
-501,,37
-500,,38
-499,,39
-498,,40
-497,,41
-496,,42
-495,,43
-494,,44
-493,,45
-492,,46
-491,,47
-490,,48
-489,,49
-488,,50
-487,,51
-486,,52
-485,,53
-484,,54
-483,,55
-482,,56
-481,,57
-480,,58
-479,,59
-478,,60
-477,,1
-476,,2
-475,,3
-474,,4
-473,,5
-472,,6
-471,,7
-470,,8
-469,,9
-468,,10
-467,,11
-466,,12
-465,,13
-464,,14
-463,,15
-462,,16
-461,,17
-460,,18
-459,,19
-458,,20
-457,,21
-456,,22
-455,,23
-454,,24
-453,,25
-452,,26
-451,,27
-450,,28
-449,,29
-448,,30
-447,,31
-446,,32
-445,,33
-444,,34
-443,,35
-442,,36
-441,,37
-440,,38
-439,,39
-438,,40
-437,,41
-436,,42
-435,,43
-434,,44
-433,,45
-432,,46
-431,,47
-430,,48
-429,,49
-428,,50
-427,,51
-426,,52
-425,,53
-424,,54
-423,,55
-422,,56
-421,,57
-420,,58
-419,,59
-418,,60
-417,,1
-416,,2
-415,,3
-414,,4
-413,,5
-412,,6
-411,,7
-410,,8
-409,,9
-408,,10
-407,,11
-406,,12
-405,,13
-404,,14
-403,,15
-402,,16
-401,,17
-400,,18
-399,,19
-398,,20
-397,,21
-396,,22
-395,,23
-394,,24
-393,,25
-392,,26
-391,,27
-390,,28
-389,,29
-388,,30
-387,,31
-386,,32
-385,,33
-384,,34
-383,,35
-382,,36
-381,,37
-380,,38
-379,,39
-378,,40
-377,,41
-376,,42
-375,,43
-374,,44
-373,,45
-372,,46
-371,,47
-370,,48
-369,,49
-368,,50
-367,,51
-366,,52
-365,,53
-364,,54
-363,,55
-362,,56
-361,,57
-360,,58
-359,,59
-358,,60
-357,,1
-356,,2
-355,,3
-354,,4
-353,,5
-352,,6
-351,,7
-350,,8
-349,,9
-348,,10
-347,,11
-346,,12
-345,,13
-344,,14
-343,,15
-342,,16
-341,,17
-340,,18
-339,,19
-338,,20
-337,,21
-336,,22
-335,,23
-334,,24
-333,,25
-332,,26
-331,,27
-330,,28
-329,,29
-328,,30
-327,,31
-326,,32
-325,,33
-324,,34
-323,,35
-322,,36
-321,,37
-320,,38
-319,,39
-318,,40
-317,,41
-316,,42
-315,,43
-314,,44
-313,,45
-312,,46
-311,,47
-310,,48
-309,,49
-308,,50
-307,,51
-306,,52
-305,,53
-304,,54
-303,,55
-302,,56
-301,,57
-300,,58
-299,,59
-298,,60
-297,,1
-296,,2
-295,,3
-294,,4
-293,,5
-292,,6
-291,,7
-290,,8
-289,,9
-288,,10
-287,,11
-286,,12
-285,,13
-284,,14
-283,,15
-282,,16
-281,,17
-280,,18
-279,,19
-278,,20
-277,,21
-276,,22
-275,,23
-274,,24
-273,,25
-272,,26
-271,,27
-270,,28
-269,,29
-268,,30
-267,,31
-266,,32
-265,,33
-264,,34
-263,,35
-262,,36
-261,,37
-260,,38
-259,,39
-258,,40
-257,,41
-256,,42
-255,,43
-254,,44
-253,,45
-252,,46
-251,,47
-250,,48
-249,,49
-248,,50
-247,,51
-246,,52
-245,,53
-244,,54
-243,,55
-242,,56
-241,,57
-240,,58
-239,,59
-238,,60
-237,,1
-236,,2
-235,,3
-234,,4
-233,,5
-232,,6
-231,,7
-230,,8
-229,,9
-228,,10
-227,,11
-226,,12
-225,,13
-224,,14
-223,,15
-222,,16
-221,,17
-220,,18
-219,,19
-218,,20
-217,,21
-216,,22
-215,,23
-214,,24
-213,,25
-212,,26
-211,,27
-210,,28
-209,,29
-208,,30
-207,,31
-206,,32
-205,,33
-204,,34
-203,,35
-202,,36
-201,,37
-200,,38
-199,,39
-198,,40
-197,,41
-196,,42
-195,,43
-194,,44
-193,,45
-192,,46
-191,,47
-190,,48
-189,,49
-188,,50
-187,,51
-186,,52
-185,,53
-184,,54
-183,,55
-182,,56
-181,,57
-180,,58
-179,,59
-178,,60
-177,,1
-176,,2
-175,,3
-174,,4
-173,,5
-172,,6
-171,,7
-170,,8
-169,,9
-168,,10
-167,,11
-166,,12
-165,,13
-164,,14
-163,,15
-162,,16
-161,,17
-160,,18
-159,,19
-158,,20
-157,,21
-156,,22
-155,,23
-154,,24
-153,,25
-152,,26
-151,,27
-150,,28
-149,,29
-148,,30
-147,,31
-146,,32
-145,,33
-144,,34
-143,,35
-142,,36
-141,,37
-140,,38
-139,,39
-138,,40
-137,,41
-136,,42
-135,,43
-134,,44
-133,,45
-132,,46
-131,,47
-130,,48
-129,,49
-128,,50
-127,,51
-126,,52
-125,,53
-124,,54
-123,,55
-122,,56
-121,,57
-120,,58
-119,,59
-118,,60
-117,,1
-116,,2
-115,,3
-114,,4
-113,,5
-112,,6
-111,,7
-110,,8
-109,,9
-108,,10
-107,,11
-106,,12
-105,,13
-104,,14
-103,,15
-102,,16
-101,,17
-100,,18
-99,,19
-98,,20
-97,,21
-96,,22
-95,,23
-94,,24
-93,,25
-92,,26
-91,,27
-90,,28
-89,,29
-88,,30
-87,,31
-86,,32
-85,,33
-84,,34
-83,,35
-82,,36
-81,,37
-80,,38
-79,,39
-78,,40
-77,,41
-76,,42
-75,,43
-74,,44
-73,,45
-72,,46
-71,,47
-70,,48
-69,,49
-68,,50
-67,,51
-66,,52
-65,,53
-64,,54
-63,,55
-62,,56
-61,,57
-60,,58
-59,,59
-58,,60
-57,,1
-56,,2
-55,,3
-54,,4
-53,,5
-52,,6
-51,,7
-50,,8
-49,,9
-48,,10
-47,,11
-46,,12
-45,,13
-44,,14
-43,,15
-42,,16
-41,,17
-40,,18
-39,,19
-38,,20
-37,,21
-36,,22
-35,,23
-34,,24
-33,,25
-32,,26
-31,,27
-30,,28
-29,,29
-28,,30
-27,,31
-26,,32
-25,,33
-24,,34
-23,,35
-22,,36
-21,,37
-20,,38
-19,,39
-18,,40
-17,,41
-16,,42
-15,,43
-14,,44
-13,,45
-12,,46
-11,,47
-10,,48
-9,,49
-8,,50
-7,,51
-6,,52
-5,,53
-4,,54
-3,,55
-2,,56
-1,,57
1,,58
2,,59
3,,60
4,,1
5,,2
6,,3
7,,4
8,,5
9,,6
10,,7
11,,8
12,,9
13,,10
14,,11
15,,12
16,,13
17,,14
18,,15
19,,16
20,,17
21,,18
22,,19
23,,20
24,,21
25,,22
26,,23
27,,24
28,,25
29,,26
30,,27
31,,28
32,,29
33,,30
34,,31
35,,32
36,,33
37,,34
38,,35
39,,36
40,,37
41,,38
42,,39
43,,40
44,,41
45,,42
46,,43
47,,44
48,,45
49,,46
50,,47
51,,48
52,,49
53,,50
54,,51
55,,52
56,,53
57,,54
58,,55
59,,56
60,,57
61,,58
62,,59
63,,60
64,,1
65,,2
66,,3
67,,4
68,,5
69,,6
70,,7
71,,8
72,,9
73,,10
74,,11
75,,12
76,,13
77,,14
78,,15
79,,16
80,,17
81,,18
82,,19
83,,20
84,,21
85,,22
86,,23
87,,24
88,,25
89,,26
90,,27
91,,28
92,,29
93,,30
94,,31
95,,32
96,,33
97,,34
98,,35
99,,36
100,,37
101,,38
102,,39
103,,40
104,,41
105,,42
106,,43
107,,44
108,,45
109,,46
110,,47
111,,48
112,,49
113,,50
114,,51
115,,52
116,,53
117,,54
118,,55
119,,56
120,,57
121,,58
122,,59
123,,60
124,,1
125,,2
126,,3
127,,4
128,,5
129,,6
130,,7
131,,8
132,,9
133,,10
134,,11
135,,12
136,,13
137,,14
138,,15
139,,16
140,,17
141,,18
142,,19
143,,20
144,,21
145,,22
146,,23
147,,24
148,,25
149,,26
150,,27
151,,28
152,,29
153,,30
154,,31
155,,32
156,,33
157,,34
158,,35
159,,36
160,,37
161,,38
162,,39
163,,40
164,,41
165,,42
166,,43
167,,44
168,,45
169,,46
170,,47
171,,48
172,,49
173,,50
174,,51
175,,52
176,,53
177,,54
178,,55
179,,56
180,,57
181,,58
182,,59
183,,60
184,,1
185,,2
186,,3
187,,4
188,,5
189,,6
190,,7
191,,8
192,,9
193,,10
194,,11
195,,12
196,,13
197,,14
198,,15
199,,16
200,,17
201,,18
202,,19
203,,20
204,,21
205,,22
206,,23
207,,24
208,,25
209,,26
210,,27
211,,28
212,,29
213,,30
214,,31
215,,32
216,,33
217,,34
218,,35
219,,36
220,,37
221,,38
222,,39
223,,40
224,,41
225,,42
226,,43
227,,44
228,,45
229,,46
230,,47
231,,48
232,,49
233,,50
234,,51
235,,52
236,,53
237,,54
238,,55
239,,56
240,,57
241,,58
242,,59
243,,60
244,,1
245,,2
246,,3
247,,4
248,,5
249,,6
250,,7
251,,8
252,,9
253,,10
254,,11
255,,12
256,,13
257,,14
258,,15
259,,16
260,,17
261,,18
262,,19
263,,20
264,,21
265,,22
266,,23
267,,24
268,,25
269,,26
270,,27
271,,28
272,,29
273,,30
274,,31
275,,32
276,,33
277,,34
278,,35
279,,36
280,,37
281,,38
282,,39
283,,40
284,,41
285,,42
286,,43
287,,44
288,,45
289,,46
290,,47
291,,48
292,,49
293,,50
294,,51
295,,52
296,,53
297,,54
298,,55
299,,56
300,,57
301,,58
302,,59
303,,60
304,,1
305,,2
306,,3
307,,4
308,,5
309,,6
310,,7
311,,8
312,,9
313,,10
314,,11
315,,12
316,,13
317,,14
318,,15
319,,16
320,,17
321,,18
322,,19
323,,20
324,,21
325,,22
326,,23
327,,24
328,,25
329,,26
330,,27
331,,28
332,,29
333,,30
334,,31
335,,32
336,,33
337,,34
338,,35
339,,36
340,,37
341,,38
342,,39
343,,40
344,,41
345,,42
346,,43
347,,44
348,,45
349,,46
350,,47
351,,48
352,,49
353,,50
354,,51
355,,52
356,,53
357,,54
358,,55
359,,56
360,,57
361,,58
362,,59
363,,60
364,,1
365,,2
366,,3
367,,4
368,,5
369,,6
370,,7
371,,8
372,,9
373,,10
374,,11
375,,12
376,,13
377,,14
378,,15
379,,16
380,,17
381,,18
382,,19
383,,20
384,,21
385,,22
386,,23
387,,24
388,,25
389,,26
390,,27
391,,28
392,,29
393,,30
394,,31
395,,32
396,,33
397,,34
398,,35
399,,36
400,,37
401,,38
402,,39
403,,40
404,,41
405,,42
406,,43
407,,44
408,,45
409,,46
410,,47
411,,48
412,,49
413,,50
414,,51
415,,52
416,,53
417,,54
418,,55
419,,56
420,,57
421,,58
422,,59
423,,60
424,,1
425,,2
426,,3
427,,4
428,,5
429,,6
430,,7
431,,8
432,,9
433,,10
434,,11
435,,12
436,,13
437,,14
438,,15
439,,16
440,,17
441,,18
442,,19
443,,20
444,,21
445,,22
446,,23
447,,24
448,,25
449,,26
450,,27
451,,28
452,,29
453,,30
454,,31
455,,32
456,,33
457,,34
458,,35
459,,36
460,,37
461,,38
462,,39
463,,40
464,,41
465,,42
466,,43
467,,44
468,,45
469,,46
470,,47
471,,48
472,,49
473,,50
474,,51
475,,52
476,,53
477,,54
478,,55
479,,56
480,,57
481,,58
482,,59
483,,60
484,,1
485,,2
486,,3
487,,4
488,,5
489,,6
490,,7
491,,8
492,,9
493,,10
494,,11
495,,12
496,,13
497,,14
498,,15
499,,16
500,,17
501,,18
502,,19
503,,20
504,,21
505,,22
506,,23
507,,24
508,,25
509,,26
510,,27
511,,28
512,,29
513,,30
514,,31
515,,32
516,,33
517,,34
518,,35
519,,36
520,,37
521,,38
522,,39
523,,40
524,,41
525,,42
526,,43
527,,44
528,,45
529,,46
530,,47
531,,48
532,,49
533,,50
534,,51
535,,52
536,,53
537,,54
538,,55
539,,56
540,,57
541,,58
542,,59
543,,60
544,,1
545,,2
546,,3
547,,4
548,,5
549,,6
550,,7
551,,8
552,,9
553,,10
554,,11
555,,12
556,,13
557,,14
558,,15
559,,16
560,,17
561,,18
562,,19
563,,20
564,,21
565,,22
566,,23
567,,24
568,,25
569,,26
570,,27
571,,28
572,,29
573,,30
574,,31
575,,32
576,,33
577,,34
578,,35
579,,36
580,,37
581,,38
582,,39
583,,40
584,,41
585,,42
586,,43
587,,44
588,,45
589,,46
590,,47
591,,48
592,,49
593,,50
594,,51
595,,52
596,,53
597,,54
598,,55
599,,56
600,,57
601,,58
602,,59
603,,60
604,,1
605,,2
606,,3
607,,4
608,,5
609,,6
610,,7
611,,8
612,,9
613,,10
614,,11
615,,12
616,,13
617,,14
618,,15
619,,16
620,,17
621,,18
622,,19
623,,20
624,,21
625,,22
626,,23
627,,24
628,,25
629,,26
630,,27
631,,28
632,,29
633,,30
634,,31
635,,32
636,,33
637,,34
638,,35
639,,36
640,,37
641,,38
642,,39
643,,40
644,,41
645,,42
646,,43
647,,44
648,,45
649,,46
650,,47
651,,48
652,,49
653,,50
654,,51
655,,52
656,,53
657,,54
658,,55
659,,56
660,,57
661,,58
662,,59
663,,60
664,,1
665,,2
666,,3
667,,4
668,,5
669,,6
670,,7
671,,8
672,,9
673,,10
674,,11
675,,12
676,,13
677,,14
678,,15
679,,16
680,,17
681,,18
682,,19
683,,20
684,,21
685,,22
686,,23
687,,24
688,,25
689,,26
690,,27
691,,28
692,,29
693,,30
694,,31
695,,32
696,,33
697,,34
698,,35
699,,36
700,,37
701,,38
702,,39
703,,40
704,,41
705,,42
706,,43
707,,44
708,,45
709,,46
710,,47
711,,48
712,,49
713,,50
714,,51
715,,52
716,,53
717,,54
718,,55
719,,56
720,,57
721,,58
722,,59
723,,60
724,,1
725,,2
726,,3
727,,4
728,,5
729,,6
730,,7
731,,8
732,,9
733,,10
734,,11
735,,12
736,,13
737,,14
738,,15
739,,16
740,,17
741,,18
742,,19
743,,20
744,,21
745,,22
746,,23
747,,24
748,,25
749,,26
750,,27
751,,28
752,,29
753,,30
754,,31
755,,32
756,,33
757,,34
758,,35
759,,36
760,,37
761,,38
762,,39
763,,40
764,,41
765,,42
766,,43
767,,44
768,,45
769,,46
770,,47
771,,48
772,,49
773,,50
774,,51
775,,52
776,,53
777,,54
778,,55
779,,56
780,,57
781,,58
782,,59
783,,60
784,,1
785,,2
786,,3
787,,4
788,,5
789,,6
790,,7
791,,8
792,,9
793,,10
794,,11
795,,12
796,,13
797,,14
798,,15
799,,16
800,,17
801,,18
802,,19
803,,20
804,,21
805,,22
806,,23
807,,24
808,,25
809,,26
810,,27
811,,28
812,,29
813,,30
814,,31
815,,32
816,,33
817,,34
818,,35
819,,36
820,,37
821,,38
822,,39
823,,40
824,,41
825,,42
826,,43
827,,44
828,,45
829,,46
830,,47
831,,48
832,,49
833,,50
834,,51
835,,52
836,,53
837,,54
838,,55
839,,56
840,,57
841,,58
842,,59
843,,60
844,,1
845,,2
846,,3
847,,4
848,,5
849,,6
850,,7
851,,8
852,,9
853,,10
854,,11
855,,12
856,,13
857,,14
858,,15
859,,16
860,,17
861,,18
862,,19
863,,20
864,,21
865,,22
866,,23
867,,24
868,,25
869,,26
870,,27
871,,28
872,,29
873,,30
874,,31
875,,32
876,,33
877,,34
878,,35
879,,36
880,,37
881,,38
882,,39
883,,40
884,,41
885,,42
886,,43
887,,44
888,,45
889,,46
890,,47
891,,48
892,,49
893,,50
894,,51
895,,52
896,,53
897,,54
898,,55
899,,56
900,,57
901,,58
902,,59
903,,60
904,,1
905,,2
906,,3
907,,4
908,,5
909,,6
910,,7
911,,8
912,,9
913,,10
914,,11
915,,12
916,,13
917,,14
918,,15
919,,16
920,,17
921,,18
922,,19
923,,20
924,,21
925,,22
926,,23
927,,24
928,,25
929,,26
930,,27
931,,28
932,,29
933,,30
934,,31
935,,32
936,,33
937,,34
938,,35
939,,36
940,,37
941,,38
942,,39
943,,40
944,,41
945,,42
946,,43
947,,44
948,,45
949,,46
950,,47
951,,48
952,,49
953,,50
954,,51
955,,52
956,,53
957,,54
958,,55
959,,56
960,,57
961,,58
962,,59
963,,60
964,,1
965,,2
966,,3
967,,4
968,,5
969,,6
970,,7
971,,8
972,,9
973,,10
974,,11
975,,12
976,,13
977,,14
978,,15
979,,16
980,,17
981,,18
982,,19
983,,20
984,,21
985,,22
986,,23
987,,24
988,,25
989,,26
990,,27
991,,28
992,,29
993,,30
994,,31
995,,32
996,,33
997,,34
998,,35
999,,36
1000,,37
1001,,38
1002,,39
1003,,40
1004,,41
1005,,42
1006,,43
1007,,44
1008,,45
1009,,46
1010,,47
1011,,48
1012,,49
1013,,50
1014,,51
1015,,52
1016,,53
1017,,54
1018,,55
1019,,56
1020,,57
1021,,58
1022,,59
1023,,60
1024,,1
1025,,2
1026,,3
1027,,4
1028,,5
1029,,6
1030,,7
1031,,8
1032,,9
1033,,10
1034,,11
1035,,12
1036,,13
1037,,14
1038,,15
1039,,16
1040,,17
1041,,18
1042,,19
1043,,20
1044,,21
1045,,22
1046,,23
1047,,24
1048,,25
1049,,26
1050,,27
1051,,28
1052,,29
1053,,30
1054,,31
1055,,32
1056,,33
1057,,34
1058,,35
1059,,36
1060,,37
1061,,38
1062,,39
1063,,40
1064,,41
1065,,42
1066,,43
1067,,44
1068,,45
1069,,46
1070,,47
1071,,48
1072,,49
1073,,50
1074,,51
1075,,52
1076,,53
1077,,54
1078,,55
1079,,56
1080,,57
1081,,58
1082,,59
1083,,60
1084,,1
1085,,2
1086,,3
1087,,4
1088,,5
1089,,6
1090,,7
1091,,8
1092,,9
1093,,10
1094,,11
1095,,12
1096,,13
1097,,14
1098,,15
1099,,16
1100,,17
1101,,18
1102,,19
1103,,20
1104,,21
1105,,22
1106,,23
1107,,24
1108,,25
1109,,26
1110,,27
1111,,28
1112,,29
1113,,30
1114,,31
1115,,32
1116,,33
1117,,34
1118,,35
1119,,36
1120,,37
1121,,38
1122,,39
1123,,40
1124,,41
1125,,42
1126,,43
1127,,44
1128,,45
1129,,46
1130,,47
1131,,48
1132,,49
1133,,50
1134,,51
1135,,52
1136,,53
1137,,54
1138,,55
1139,,56
1140,,57
1141,,58
1142,,59
1143,,60
1144,,1
1145,,2
1146,,3
1147,,4
1148,,5
1149,,6
1150,,7
1151,,8
1152,,9
1153,,10
1154,,11
1155,,12
1156,,13
1157,,14
1158,,15
1159,,16
1160,,17
1161,,18
1162,,19
1163,,20
1164,,21
1165,,22
1166,,23
1167,,24
1168,,25
1169,,26
1170,,27
1171,,28
1172,,29
1173,,30
1174,,31
1175,,32
1176,,33
1177,,34
1178,,35
1179,,36
1180,,37
1181,,38
1182,,39
1183,,40
1184,,41
1185,,42
1186,,43
1187,,44
1188,,45
1189,,46
1190,,47
1191,,48
1192,,49
1193,,50
1194,,51
1195,,52
1196,,53
1197,,54
1198,,55
1199,,56
1200,,57
1201,,58
1202,,59
1203,,60
1204,,1
1205,,2
1206,,3
1207,,4
1208,,5
1209,,6
1210,,7
1211,,8
1212,,9
1213,,10
1214,,11
1215,,12
1216,,13
1217,,14
1218,,15
1219,,16
1220,,17
1221,,18
1222,,19
1223,,20
1224,,21
1225,,22
1226,,23
1227,,24
1228,,25
1229,,26
1230,,27
1231,,28
1232,,29
1233,,30
1234,,31
1235,,32
1236,,33
1237,,34
1238,,35
1239,,36
1240,,37
1241,,38
1242,,39
1243,,40
1244,,41
1245,,42
1246,,43
1247,,44
1248,,45
1249,,46
1250,,47
1251,,48
1252,,49
1253,,50
1254,,51
1255,,52
1256,,53
1257,,54
1258,,55
1259,,56
1260,,57
1261,,58
1262,,59
1263,,60
1264,,1
1265,,2
1266,,3
1267,,4
1268,,5
1269,,6
1270,,7
1271,,8
1272,,9
1273,,10
1274,,11
1275,,12
1276,,13
1277,,14
1278,,15
1279,,16
1280,,17
1281,,18
1282,,19
1283,,20
1284,,21
1285,,22
1286,,23
1287,,24
1288,,25
1289,,26
1290,,27
1291,,28
1292,,29
1293,,30
1294,,31
1295,,32
1296,,33
1297,,34
1298,,35
1299,,36
1300,,37
1301,,38
1302,,39
1303,,40
1304,,41
1305,,42
1306,,43
1307,,44
1308,,45
1309,,46
1310,,47
1311,,48
1312,,49
1313,,50
1314,,51
1315,,52
1316,,53
1317,,54
1318,,55
1319,,56
1320,,57
1321,,58
1322,,59
1323,,60
1324,,1
1325,,2
1326,,3
1327,,4
1328,,5
1329,,6
1330,,7
1331,,8
1332,,9
1333,,10
1334,,11
1335,,12
1336,,13
1337,,14
1338,,15
1339,,16
1340,,17
1341,,18
1342,,19
1343,,20
1344,,21
1345,,22
1346,,23
1347,,24
1348,,25
1349,,26
1350,,27
1351,,28
1352,,29
1353,,30
1354,,31
1355,,32
1356,,33
1357,,34
1358,,35
1359,,36
1360,,37
1361,,38
1362,,39
1363,,40
1364,,41
1365,,42
1366,,43
1367,,44
1368,,45
1369,,46
1370,,47
1371,,48
1372,,49
1373,,50
1374,,51
1375,,52
1376,,53
1377,,54
1378,,55
1379,,56
1380,,57
1381,,58
1382,,59
1383,,60
1384,,1
1385,,2
1386,,3
1387,,4
1388,,5
1389,,6
1390,,7
1391,,8
1392,,9
1393,,10
1394,,11
1395,,12
1396,,13
1397,,14
1398,,15
1399,,16
1400,,17
1401,,18
1402,,19
1403,,20
1404,,21
1405,,22
1406,,23
1407,,24
1408,,25
1409,,26
1410,,27
1411,,28
1412,,29
1413,,30
1414,,31
1415,,32
1416,,33
1417,,34
1418,,35
1419,,36
1420,,37
1421,,38
1422,,39
1423,,40
1424,,41
1425,,42
1426,,43
1427,,44
1428,,45
1429,,46
1430,,47
1431,,48
1432,,49
1433,,50
1434,,51
1435,,52
1436,,53
1437,,54
1438,,55
1439,,56
1440,,57
1441,,58
1442,,59
1443,,60
1444,,1
1445,,2
1446,,3
1447,,4
1448,,5
1449,,6
1450,,7
1451,,8
1452,,9
1453,,10
1454,,11
1455,,12
1456,,13
1457,,14
1458,,15
1459,,16
1460,,17
1461,,18
1462,,19
1463,,20
1464,,21
1465,,22
1466,,23
1467,,24
1468,,25
1469,,26
1470,,27
1471,,28
1472,,29
1473,,30
1474,,31
1475,,32
1476,,33
1477,,34
1478,,35
1479,,36
1480,,37
1481,,38
1482,,39
1483,,40
1484,,41
1485,,42
1486,,43
1487,,44
1488,,45
1489,,46
1490,,47
1491,,48
1492,,49
1493,,50
1494,,51
1495,,52
1496,,53
1497,,54
1498,,55
1499,,56
1500,,57
1501,,58
1502,,59
1503,,60
1504,,1
1505,,2
1506,,3
1507,,4
1508,,5
1509,,6
1510,,7
1511,,8
1512,,9
1513,,10
1514,,11
1515,,12
1516,,13
1517,,14
1518,,15
1519,,16
1520,,17
1521,,18
1522,,19
1523,,20
1524,,21
1525,,22
1526,,23
1527,,24
1528,,25
1529,,26
1530,,27
1531,,28
1532,,29
1533,,30
1534,,31
1535,,32
1536,,33
1537,,34
1538,,35
1539,,36
1540,,37
1541,,38
1542,,39
1543,,40
1544,,41
1545,,42
1546,,43
1547,,44
1548,,45
1549,,46
1550,,47
1551,,48
1552,,49
1553,,50
1554,,51
1555,,52
1556,,53
1557,,54
1558,,55
1559,,56
1560,,57
1561,,58
1562,,59
1563,,60
1564,,1
1565,,2
1566,,3
1567,,4
1568,,5
1569,,6
1570,,7
1571,,8
1572,,9
1573,,10
1574,,11
1575,,12
1576,,13
1577,,14
1578,,15
1579,,16
1580,,17
1581,,18
1582,,19
1583,,20
1584,,21
1585,,22
1586,,23
1587,,24
1588,,25
1589,,26
1590,,27
1591,,28
1592,,29
1593,,30
1594,,31
1595,,32
1596,,33
1597,,34
1598,,35
1599,,36
1600,,37
1601,,38
1602,,39
1603,,40
1604,,41
1605,,42
1606,,43
1607,,44
1608,,45
1609,,46
1610,,47
1611,,48
1612,,49
1613,,50
1614,,51
1615,,52
1616,,53
1617,,54
1618,,55
1619,,56
1620,,57
1621,,58
1622,,59
1623,,60
1624,,1
1625,,2
1626,,3
1627,,4
1628,,5
1629,,6
1630,,7
1631,,8
1632,,9
1633,,10
1634,,11
1635,,12
1636,,13
1637,,14
1638,,15
1639,,16
1640,,17
1641,,18
1642,,19
1643,,20
1644,,21
1645,,22
1646,,23
1647,,24
1648,,25
1649,,26
1650,,27
1651,,28
1652,,29
1653,,30
1654,,31
1655,,32
1656,,33
1657,,34
1658,,35
1659,,36
1660,,37
1661,,38
1662,,39
1663,,40
1664,,41
1665,,42
1666,,43
1667,,44
1668,,45
1669,,46
1670,,47
1671,,48
1672,,49
1673,,50
1674,,51
1675,,52
1676,,53
1677,,54
1678,,55
1679,,56
1680,,57
1681,,58
1682,,59
1683,,60
1684,,1
1685,,2
1686,,3
1687,,4
1688,,5
1689,,6
1690,,7
1691,,8
1692,,9
1693,,10
1694,,11
1695,,12
1696,,13
1697,,14
1698,,15
1699,,16
1700,,17
1701,,18
1702,,19
1703,,20
1704,,21
1705,,22
1706,,23
1707,,24
1708,,25
1709,,26
1710,,27
1711,,28
1712,,29
1713,,30
1714,,31
1715,,32
1716,,33
1717,,34
1718,,35
1719,,36
1720,,37
1721,,38
1722,,39
1723,,40
1724,,41
1725,,42
1726,,43
1727,,44
1728,,45
1729,,46
1730,,47
1731,,48
1732,,49
1733,,50
1734,,51
1735,,52
1736,,53
1737,,54
1738,,55
1739,,56
1740,,57
1741,,58
1742,,59
1743,,60
1744,,1
1745,,2
1746,,3
1747,,4
1748,,5
1749,,6
1750,,7
1751,,8
1752,,9
1753,,10
1754,,11
1755,,12
1756,,13
1757,,14
1758,,15
1759,,16
1760,,17
1761,,18
1762,,19
1763,,20
1764,,21
1765,,22
1766,,23
1767,,24
1768,,25
1769,,26
1770,,27
1771,,28
1772,,29
1773,,30
1774,,31
1775,,32
1776,,33
1777,,34
1778,,35
1779,,36
1780,,37
1781,,38
1782,,39
1783,,40
1784,,41
1785,,42
1786,,43
1787,,44
1788,,45
1789,,46
1790,,47
1791,,48
1792,,49
1793,,50
1794,,51
1795,,52
1796,,53
1797,,54
1798,,55
1799,,56
1800,,57
1801,,58
1802,,59
1803,,60
1804,,1
1805,,2
1806,,3
1807,,4
1808,,5
1809,,6
1810,,7
1811,,8
1812,,9
1813,,10
1814,,11
1815,,12
1816,,13
1817,,14
1818,,15
1819,,16
1820,,17
1821,,18
1822,,19
1823,,20
1824,,21
1825,,22
1826,,23
1827,,24
1828,,25
1829,,26
1830,,27
1831,,28
1832,,29
1833,,30
1834,,31
1835,,32
1836,,33
1837,,34
1838,,35
1839,,36
1840,,37
1841,,38
1842,,39
1843,,40
1844,,41
1845,,42
1846,,43
1847,,44
1848,,45
1849,,46
1850,,47
1851,,48
1852,,49
1853,,50
1854,,51
1855,,52
1856,,53
1857,,54
1858,,55
1859,,56
1860,,57
1861,,58
1862,,59
1863,,60
1864,,1
1865,,2
1866,,3
1867,,4
1868,,5
1869,,6
1870,,7
1871,,8
1872,,9
1873,,10
1874,,11
1875,,12
1876,,13
1877,,14
1878,,15
1879,,16
1880,,17
1881,,18
1882,,19
1883,,20
1884,,21
1885,,22
1886,,23
1887,,24
1888,,25
1889,,26
1890,,27
1891,,28
1892,,29
1893,,30
1894,,31
1895,,32
1896,,33
1897,,34
1898,,35
1899,,36
1900,,37
1901,,38
1902,,39
1903,,40
1904,,41
1905,,42
1906,,43
1907,,44
1908,,45
1909,,46
1910,,47
1911,,48
1912,,49
1913,,50
1914,,51
1915,,52
1916,,53
1917,,54
1918,,55
1919,,56
1920,,57
1921,,58
1922,,59
1923,,60
1924,,1
1925,,2
1926,,3
1927,,4
1928,,5
1929,,6
1930,,7
1931,,8
1932,,9
1933,,10
1934,,11
1935,,12
1936,,13
1937,,14
1938,,15
1939,,16
1940,,17
1941,,18
1942,,19
1943,,20
1944,,21
1945,,22
1946,,23
1947,,24
1948,,25
1949,,26
1950,,27
1951,,28
1952,,29
1953,,30
1954,,31
1955,,32
1956,,33
1957,,34
1958,,35
1959,,36
1960,,37
1961,,38
1962,,39
1963,,40
1964,,41
1965,,42
1966,,43
1967,,44
1968,,45
1969,,46
1970,,47
1971,,48
1972,,49
1973,,50
1974,,51
1975,,52
1976,,53
1977,,54
1978,,55
1979,,56
1980,,57
1981,,58
1982,,59
1983,,60
1984,,1
1985,,2
1986,,3
1987,,4
1988,,5
1989,,6
1990,,7
1991,,8
1992,,9
1993,,10
1994,,11
1995,,12
1996,,13
1997,,14
1998,,15
1999,,16
2000,,17
2001,,18
2002,,19
2003,,20
2004,,21
2005,,22
2006,,23
2007,,24
2008,,25
2009,,26
2010,,27
2011,,28
2012,,29
2013,,30
2014,,31
2015,,32
2016,,33
2017,,34
2018,,35